ENSG,logFC,logCPM,PValue,FDR
ENSG00000185686.18,11.10578585695127,12.40256483466603,5.2433865216892424e-9,3.4291747851847646e-6
ENSG00000133454.16,8.517490113026227,9.904673832651593,1.1469315905760443e-8,3.7504663011836647e-6
ENSG00000211677.2,11.084369883156228,12.382342741070824,5.950078971733716e-8,1.2971172158379502e-5
ENSG00000280623.1,9.316181265567476,10.66606953745525,1.1983416033360463e-7,1.9592885214544358e-5
ENSG00000211666.2,9.212263276285851,10.571262018899333,1.0512246014594146e-6,1.3750017787089145e-4
ENSG00000093009.11,6.313044460452964,10.815549442334508,2.3835096578061843e-6,2.5980255270087406e-4
ENSG00000100065.15,4.194651672693912,9.896620512134524,1.7224005997779025e-5,0.0016092142746496404
ENSG00000075218.19,5.276553276685309,10.233130857917233,2.4081977523765924e-5,0.0019687016625678645
ENSG00000183765.23,3.9192776781151215,10.16462565382764,2.9317791016460382e-5,0.0019872713755795593
ENSG00000100351.17,5.631110225318788,9.131498621406529,3.0386412470635463e-5,0.0019872713755795593
ENSG00000234965.2,-7.237422086160703,8.808142977172581,3.8414949679097753e-5,0.0022839433718299935
ENSG00000211679.2,6.734844336556365,8.390024235783681,5.4786971920517355e-5,0.0029827228936955457
ENSG00000169548.3,5.639525916828333,7.584488268941222,5.928959880434571e-5,0.0029827228936955457
ENSG00000130487.9,5.520938611166929,7.512455704227667,9.660479193531856e-5,0.0038979215627283617
ENSG00000130540.14,-5.587766595597805,11.817932011813213,9.848367602770651e-5,0.0038979215627283617
ENSG00000179750.16,5.067526169069213,8.11901145562446,9.887269675905292e-5,0.0038979215627283617
ENSG00000075275.18,4.9556218987000005,10.84082740268267,1.013221201320828e-4,0.0038979215627283617
ENSG00000206195.11,4.728162560158101,9.778827564587399,1.1617896191936855e-4,0.0041571963715558305
ENSG00000212939.2,7.889857434608301,9.244198714560314,1.20774818133885e-4,0.0041571963715558305
ENSG00000128342.5,4.946876070721771,10.170128184512688,1.385467657309537e-4,0.004530479239402187
ENSG00000186732.14,-5.635509710443995,10.689024848394123,1.7114255262344404e-4,0.005329868067415829
ENSG00000008735.14,-5.20152235108395,12.425846205784058,1.8553120579750117e-4,0.00551533675416208
ENSG00000100427.16,-4.782127289874675,11.830554288798899,2.2483722980618618e-4,0.0063931977518802505
ENSG00000100079.7,5.887142040241538,7.735814949272728,3.798023414246314e-4,0.009783317557500665
ENSG00000100285.10,-3.341363496153414,11.514135340913619,3.844750880919489e-4,0.009783317557500665
ENSG00000100368.14,3.6610385030979953,9.073806648810859,3.889392301147053e-4,0.009783317557500665
ENSG00000273289.1,-5.070154566284042,7.264164479877535,4.36946739267975e-4,0.010583821017824282
ENSG00000225465.10,-4.661519189526698,10.815746322860724,4.5426778397141725e-4,0.010610397525618103
ENSG00000100167.20,-4.334297981038262,13.22441738152114,4.8193326221663814e-4,0.010868425982402806
ENSG00000184058.15,3.615785147776489,7.6710309565500845,5.165715939178554e-4,0.011137998480684145
ENSG00000235111.1,4.050562736508108,7.892623926826812,5.279479402159151e-4,0.011137998480684145
ENSG00000233080.3,4.939739883713501,7.1828137831754315,5.983296931887796e-4,0.012228363104545682
ENSG00000244509.4,3.70323357830564,9.32483510507173,6.367112833340453e-4,0.012618459978801988
ENSG00000100342.21,3.175235173216041,9.763226164006483,7.014890711304666e-4,0.013493348603509562
ENSG00000175329.13,5.262247892037284,7.410231805166141,7.674789862844445e-4,0.013957564728582068
ENSG00000231933.7,6.41605326052694,8.001388413391759,8.078107990244379e-4,0.013957564728582068
ENSG00000198125.13,3.361467008748582,7.436291090191367,8.112177164555506e-4,0.013957564728582068
ENSG00000205704.7,-4.944422965823695,8.442426823105329,8.382577966571766e-4,0.013957564728582068
ENSG00000100162.15,4.344701390050825,9.020900920703783,8.526255374608105e-4,0.013957564728582068
ENSG00000100095.19,-4.691253912790994,12.36330819976519,8.724682850136909e-4,0.013957564728582068
ENSG00000273032.3,-3.63829881010214,11.484850601284942,8.750155257979584e-4,0.013957564728582068
ENSG00000211685.3,4.81923388862028,7.145892632845175,8.986209155543293e-4,0.013992811399345984
ENSG00000278817.1,-3.3528923718372856,7.802931610320281,9.378105524087797e-4,0.014263444215705627
ENSG00000073150.14,-3.2333309083139796,9.825075800180615,0.0011002578525775122,0.016353832626947565
ENSG00000133477.17,4.013977922963054,8.288712731395954,0.0011943078859309527,0.017357274608863178
ENSG00000167037.19,-4.251447536839913,11.016667027811115,0.001249490013448003,0.017753793003879165
ENSG00000168135.4,-5.0865821599457774,9.627768858337959,0.0012758842067007964,0.017753793003879165
ENSG00000224404.2,-3.9342246598653277,7.719622710729114,0.0013721724726236137,0.018695849939496738
ENSG00000282816.1,-6.347909198941603,8.02916534723734,0.0016453661018639466,0.021906174272455375
ENSG00000225783.8,-3.8789891185937577,12.492722761109091,0.0016747839657840502,0.021906174272455375
ENSG00000215270.3,5.7335325547956275,7.597591085620969,0.0018231523797195266,0.023379248163462166
ENSG00000284874.1,-3.914966089832549,7.611571635846205,0.002000845235899069,0.0248689438684476
ENSG00000100321.15,-4.2540092957168225,13.321822225729171,0.0020153731269537045,0.0248689438684476
ENSG00000251322.9,-3.7650574419596943,12.337492324285497,0.0022402854545608528,0.02713234606079255
ENSG00000236754.5,-4.620066062435883,9.084758873111719,0.0023707876164629368,0.028190820021213828
ENSG00000235237.1,6.597378849504084,8.130723262637567,0.0025428606010305253,0.029696979162035064
ENSG00000268812.3,6.0126982652891625,7.71766721976462,0.0026749809738637683,0.030691886963279024
ENSG00000128268.12,-3.716645429619891,11.79149704648375,0.002792611284598457,0.03148909965736881
ENSG00000224192.2,-5.2421196421200005,7.381542911773344,0.002872557970563393,0.031553887638058345
ENSG00000128266.9,-3.5309531741292473,11.541852749930646,0.0028948520768860863,0.031553887638058345
ENSG00000200985.1,5.1829381107106425,7.335936745844389,0.002972251098702982,0.03186642981232377
ENSG00000100307.13,-3.7124700145754557,11.627953805916668,0.003226163078504222,0.03403081698938325
ENSG00000272872.1,3.290685530236534,7.91235091485907,0.00349032216544813,0.035812669611735855
ENSG00000100298.16,-5.059711190841723,7.291173788544667,0.003554938955633616,0.035812669611735855
ENSG00000188511.12,2.829993491529594,8.618387261191206,0.00355936318771075,0.035812669611735855
ENSG00000183628.14,-3.206315462429562,7.2293200471786285,0.003677958841701242,0.0364452285223123
ENSG00000184113.9,-4.250379781464324,9.885321759823034,0.0037527407116586028,0.03663123023021979
ENSG00000099953.10,3.063062006904241,8.543269576817528,0.0038989100394373464,0.03711325550350647
ENSG00000183822.3,5.72608863211673,7.535894202851599,0.003915618699911233,0.03711325550350647
ENSG00000128165.9,3.6431975011662954,8.278031868056289,0.003988749362755626,0.037266315474888276
ENSG00000225413.2,5.531559552845641,7.446489957445731,0.004181946303076905,0.03810735122637446
ENSG00000182902.14,-2.988787913549215,10.549260110352845,0.004195304722169665,0.03810735122637446
ENSG00000219438.9,-3.426913164860281,10.913690298445715,0.004295740730908425,0.038454375356787404
ENSG00000279217.1,5.707204405531218,7.542653171677029,0.004351106691746587,0.038454375356787404
ENSG00000198062.15,4.398381225018832,6.9824230951523925,0.004631585925061701,0.04038742926653804
ENSG00000128340.15,3.0858668175909036,9.972508160094751,0.004725351976281305,0.04066289726957859
ENSG00000279440.1,5.6440722122198554,7.493674589721828,0.00587821990059914,0.04992669889599789
ENSG00000128250.5,-7.026000825901417,10.31381754855169,0.006118311452294078,0.05096315805979323
ENSG00000099901.17,2.315248624196989,12.510515576789293,0.006156100132604992,0.05096315805979323
ENSG00000185666.15,-3.0782577563297404,11.010766008209755,0.006527596513941231,0.05336310150146956
ENSG00000100276.10,-3.661553659702331,8.296823750844064,0.006612896222048578,0.05339301394098482
ENSG00000133466.14,2.4973841315393277,9.850342154403629,0.006769148255102841,0.053988084863868996
ENSG00000100346.18,-3.8687998230873224,10.595458019752924,0.006875502410782713,0.05417564550183005
ENSG00000040608.14,-2.6630342508582245,10.189811342046118,0.007668472236335535,0.05881707581573177
ENSG00000100297.16,3.3499002652144454,11.927704672630368,0.007670533686796486,0.05881707581573177
ENSG00000128394.17,2.9410934502551775,7.689206200386049,0.007794806467171928,0.05881707581573177
ENSG00000281732.1,-5.104337375831968,8.959848243763568,0.007824289902092758,0.05881707581573177
ENSG00000278920.1,4.2618985765320225,6.9333805483982784,0.00841406541779514,0.06244078154192957
ENSG00000100060.18,2.918204411477709,9.142107522668894,0.008497292900965951,0.06244078154192957
ENSG00000271275.1,-4.579353423075371,8.363754985196913,0.009118997964850096,0.06571207313201187
ENSG00000100196.11,2.7110646923620836,11.03956711773785,0.009143423019897675,0.06571207313201187
ENSG00000167074.15,-3.585433422454854,12.096556847726276,0.009273606714395097,0.06592324773059123
ENSG00000237387.1,4.496565182600276,7.058749820751435,0.00946925033282157,0.06659021201790652
ENSG00000234869.1,4.684731500514675,7.093047571022877,0.009648302377360453,0.06690067081909394
ENSG00000225528.3,4.395225557882655,6.933514966192742,0.009717987351397438,0.06690067081909394
ENSG00000100024.15,3.148501452254245,7.332655167417054,0.010107412558962482,0.0688567480579319
ENSG00000276162.1,4.7501911866015085,7.121451289123117,0.0103745604447583,0.06994806732857657
ENSG00000280025.1,4.31940359891212,6.995223469778414,0.010769068974357044,0.07186705213499496
ENSG00000176635.18,5.2426858082646834,7.278133018844069,0.011197208608929797,0.07396943868929381
ENSG00000238153.1,4.399223822538811,7.02128897001549,0.011349742750307855,0.07422731758701337
ENSG00000186976.15,-2.823047796834324,9.281377048852494,0.011485950396449401,0.0743743718740387
ENSG00000100385.14,2.9904455799725187,7.32595700171925,0.01177363487839256,0.0754897765732229
ENSG00000100219.16,2.8455906710084733,12.99183529054295,0.011924600448622645,0.07571542420775931
ENSG00000271127.2,4.539054298557308,7.010007150156584,0.01224550790402061,0.07648916017711717
ENSG00000232530.1,5.248572426844153,7.2695027631369,0.012280369753206885,0.07648916017711717
ENSG00000100344.11,2.3976332823028206,8.999679762742291,0.01368783950962831,0.08445138716317845
ENSG00000283633.1,2.399019822905035,7.371773458446152,0.014415605514024713,0.08811033650628189
ENSG00000183773.15,-2.686067288576046,10.148022490434354,0.014767247087753002,0.08942388514250428
ENSG00000166862.7,-4.207848304923679,9.254599605053615,0.01618923438501365,0.0971354063100819
ENSG00000233388.2,3.8528472482855207,6.837356462800242,0.016577891732976715,0.09856310175787975
ENSG00000099937.11,2.3478668990238334,10.695530600998019,0.01701824509787721,0.10026966030641168
ENSG00000100300.18,2.8267223433940987,10.16465324539209,0.017414873288977745,0.10169042081242362
ENSG00000249288.1,4.387007438420963,6.990690174771876,0.01818790118210998,0.10526449002743297
ENSG00000228620.1,-5.677865638805002,9.045610262193904,0.01912605903724879,0.10835027464386325
ENSG00000185133.14,-2.726795190860504,9.906257887962369,0.019188381276891008,0.10835027464386325
ENSG00000166897.16,-2.780422534288797,10.648012493043451,0.01921809152704608,0.10835027464386325
ENSG00000100362.13,-2.7609758978800127,10.585094628678732,0.020813182824671796,0.11634035527637054
ENSG00000133519.12,-3.339467846450509,8.288675736206551,0.021081852493699944,0.11684348754982851
ENSG00000100170.10,4.588494892347197,7.032941148019109,0.021965862139076583,0.12071994822652173
ENSG00000100092.24,1.8103552817468864,8.621145640285233,0.023460282950198266,0.12785854207858055
ENSG00000249310.2,5.478069718123805,8.746271790851376,0.023855238070106154,0.12816349325489107
ENSG00000128408.9,2.163757877722711,7.7636621748820085,0.02390817458271668,0.12816349325489107
ENSG00000283583.1,-3.940945320819545,7.909635547704299,0.024567548544057967,0.13062745323425945
ENSG00000187012.11,4.263553149241504,6.930979909619326,0.025527134716686464,0.13463504923155603
ENSG00000221890.6,-3.063496552995097,12.358701758115076,0.026677005250382132,0.13914398875589976
ENSG00000273145.1,4.135052050762518,6.8534606094967065,0.026807557466732978,0.13914398875589976
ENSG00000236499.2,2.405022546939052,7.681957884391365,0.027754227054874826,0.1425175962702917
ENSG00000241527.1,-1.8466043127179685,7.386564367729681,0.027893352175225285,0.1425175962702917
ENSG00000100218.12,-3.2765878615214605,9.02142741665676,0.028884863125618714,0.14643953863685766
ENSG00000213279.2,4.086120194222978,6.815999624202319,0.02963337442332535,0.14907866825272906
ENSG00000272829.1,-2.1483930674341356,7.602733486584234,0.031136557308776344,0.15544510290030325
ENSG00000287146.1,2.513990342437401,7.106794116996967,0.03358586623498745,0.16640270089152873
ENSG00000273387.1,2.759523313125787,9.526324028321522,0.033961589755320196,0.16699909548856698
ENSG00000128284.19,1.9777224843867014,8.980708428758977,0.03465029331939837,0.16911411814094426
ENSG00000280007.1,-2.7710508906497546,11.874872770910876,0.035248588614489006,0.17075982928796896
ENSG00000100068.14,1.9695985421710926,8.88500114512115,0.03687864193104626,0.17734288105076657
ENSG00000185386.15,-2.059123274392897,10.24267792131817,0.03808275527982355,0.1817111678695577
ENSG00000183307.4,-2.260346538149132,9.117524573934727,0.03834272349541126,0.1817111678695577
ENSG00000100181.22,2.0791621284442123,10.135219792015015,0.03995218883210388,0.18797648558414343
ENSG00000244625.7,1.861105998038819,8.685476554939038,0.042012064741727716,0.19590488108166812
ENSG00000198832.10,-2.1474295756221013,10.282744172066145,0.042236373444212855,0.19590488108166812
ENSG00000230051.2,-2.53108264712648,6.986339783377485,0.043499393752220526,0.19691514405549104
ENSG00000270393.1,-3.904837718535035,8.807245351308294,0.04374603388650639,0.19691514405549104
ENSG00000278960.1,3.7507217004229996,6.810590841775123,0.04389183776449045,0.19691514405549104
ENSG00000236132.1,3.425113603325328,6.741610993376675,0.04391742235893297,0.19691514405549104
ENSG00000161179.14,1.84904879887639,10.411358233520493,0.04395964989617996,0.19691514405549104
ENSG00000100302.7,-2.1585715168531237,9.969170522635546,0.04658136475900554,0.20723954117271853
ENSG00000232775.6,3.3374952161838096,7.560219267240778,0.04701781817898532,0.20776792627740814
ENSG00000226872.2,-4.038989621956538,7.338899616340159,0.04802552080002057,0.21079658122962047
ENSG00000232305.1,-3.659650824322675,6.771217095935153,0.050743184396556694,0.21982022665879944
ENSG00000237446.1,-3.6602274975967592,6.771217095935153,0.050857602928518195,0.21982022665879944
ENSG00000100365.16,1.752146029135513,8.415185984106808,0.05112777706764037,0.21982022665879944
ENSG00000206145.8,-2.537871547555127,6.997988939990373,0.05164841101866548,0.21982022665879944
ENSG00000230637.2,2.4234391451485644,7.0589437147940695,0.05176194939672035,0.21982022665879944
ENSG00000231010.1,-3.0945682998824275,8.723811328921666,0.05275552411106323,0.2225942759266797
ENSG00000184979.10,1.723915444378735,8.296257094008588,0.05378895035492117,0.22503207931164784
ENSG00000070010.19,1.6185417042116483,11.373298929028985,0.054021462464722794,0.22503207931164784
ENSG00000205593.12,-1.770143141974701,10.421616877834147,0.05686363511452491,0.23537226180316007
ENSG00000188263.10,2.6562330851055855,7.098700291377874,0.05724342245880442,0.23545407728338424
ENSG00000100097.12,2.3774950098749947,12.520538359119321,0.0587126047729725,0.23998777200952512
ENSG00000222915.1,-3.2454066415668863,6.666789392010375,0.05911697335083599,0.24013975510215363
ENSG00000280384.1,2.330944883996663,6.952376383908024,0.06313260577775719,0.2548686677694642
ENSG00000128285.4,-2.256051283556822,8.266044261700207,0.06373569306352588,0.25498091838007186
ENSG00000099958.15,2.2441349484786266,9.121485579665102,0.0639401691350639,0.25498091838007186
ENSG00000100075.10,1.7365777918029626,11.06318448656194,0.06491382397362473,0.255899535586987
ENSG00000100359.21,1.789349542554686,7.455448507849476,0.06520291177556133,0.255899535586987
ENSG00000093100.13,-1.763247290223701,7.264579045103035,0.06534437682420005,0.255899535586987
ENSG00000138867.17,1.8139354864759292,11.730691165273669,0.0672471909708936,0.260255825087424
ENSG00000237015.1,2.358996854426976,8.0741977218077,0.0672526520485851,0.260255825087424
ENSG00000286990.1,-2.9922935343532457,8.56604022777293,0.06768573237062947,0.26031281681699964
ENSG00000277196.4,-1.982014408498927,8.260402150818217,0.0680634429292155,0.26031281681699964
ENSG00000128274.17,1.7184750678453538,8.731737959409953,0.06849535221184302,0.2604416299217752
ENSG00000234913.1,-1.805071237901869,7.286089166668004,0.06913446003919028,0.261352236217517
ENSG00000241484.10,1.4981055368702723,7.315195587964171,0.071024995930535,0.2669560191871833
ENSG00000128245.15,-2.432803449511361,13.655749726463597,0.0721834508225577,0.26960660745684195
ENSG00000260708.1,1.450116227601047,8.016400955178048,0.07255468335229998,0.26960660745684195
ENSG00000159307.19,1.7865645646785047,8.15757552942393,0.07553318149747963,0.2790887045161112
ENSG00000244296.3,2.8527767017895,7.351430382747155,0.07820159783185654,0.285494833595537
ENSG00000248409.2,-3.676982493176738,7.458814902663441,0.07841964318785952,0.285494833595537
ENSG00000241954.1,2.8533850296823795,7.351430382747155,0.07857655970519367,0.285494833595537
ENSG00000272834.1,3.0435586478653995,6.657899237640075,0.07991669480819662,0.28875977019094246
ENSG00000241973.11,-1.8443704709228783,14.016874950241169,0.08135007797051591,0.29232390655339235
ENSG00000287269.1,2.4270899570235147,7.717954624929694,0.08321509233968612,0.2973916414762553
ENSG00000231711.2,-1.1776161662381266,8.10729037167593,0.08516039748554788,0.30130822293081655
ENSG00000100206.10,1.6384547769076523,7.8527218391631886,0.08523244838257044,0.30130822293081655
ENSG00000279833.1,-2.788349024286367,11.432730380070597,0.08656445291322372,0.30406712778763384
ENSG00000243762.1,2.9382904545718076,10.26771030542813,0.0869427414316323,0.30406712778763384
ENSG00000189295.13,2.7384892866719315,7.315429040132985,0.08746970530418971,0.3042829110050004
ENSG00000272720.1,-1.4352429645233171,7.5859828471523105,0.08990057294283002,0.3101056800689909
ENSG00000205559.5,-1.3676285376926738,8.609635013476208,0.09012088609298038,0.3101056800689909
ENSG00000167077.13,1.3294810380847584,7.898336231144347,0.09056603194675422,0.3101056800689909
ENSG00000169635.10,2.044978054446637,10.711333578847526,0.09139297164166199,0.31130730965441117
ENSG00000133433.11,1.6232063906237424,7.31537164155934,0.0922401151016066,0.3125649496189156
ENSG00000224271.7,1.8147678089300936,10.697342256658258,0.09356248230453919,0.31541166715035374
ENSG00000224086.6,2.1706079312586084,13.281514624161813,0.09662353839821881,0.32406048262787235
ENSG00000229492.1,-2.2479449731588215,6.884762563204596,0.0979754238523877,0.32691799591562015
ENSG00000128228.5,1.7382960553530902,9.10313743654817,0.10116069351651664,0.33583296223249687
ENSG00000227188.1,-2.50789474857342,8.098391444554544,0.10252112006742288,0.3386303662833059
ENSG00000100100.13,-1.479300078598541,11.109524094783898,0.10314143815363666,0.3389673394596903
ENSG00000213707.2,-3.0329536525283216,6.624177747759879,0.10517910029165134,0.3439356579536999
ENSG00000099956.20,1.480160376097761,12.025650359335248,0.10598061021948559,0.3440436370688296
ENSG00000077935.17,2.0684609938073244,7.963892103572114,0.1062642426420544,0.3440436370688296
ENSG00000100209.11,1.5319205599155303,8.822068925486894,0.10781274445324936,0.3473376102089905
ENSG00000233360.4,2.6023348951204017,10.25276281972413,0.10841966499080075,0.3475806907058024
ENSG00000260924.2,1.6804085098325245,7.575420787765312,0.11020028077118325,0.3515657737773359
ENSG00000286367.1,2.493873783514588,8.54169591116886,0.11094304429162585,0.3522172377025403
ENSG00000100106.22,1.7520286780973255,10.903049127062724,0.1139380740421668,0.3599782629158313
ENSG00000099957.16,-1.373735141384946,9.86889205905372,0.11595969573939488,0.3646040433344435
ENSG00000224883.1,-2.9075414527886685,10.33629664236573,0.1167019459470756,0.3651821657865428
ENSG00000100353.18,2.0671735541200045,12.656690475509768,0.11951981657594506,0.3706606629841227
ENSG00000235445.1,-1.6377576133105294,7.167984402002954,0.11958623836337905,0.3706606629841227
ENSG00000239713.9,1.5614579017018388,8.909728578819681,0.12021031699938066,0.37070281304006103
ENSG00000185340.15,-1.7112709838962266,10.198204580198368,0.12088251062302394,0.37070281304006103
ENSG00000100292.18,1.6409716077183405,9.703285722878217,0.12130030885408725,0.37070281304006103
ENSG00000099998.19,-1.7188466106205595,8.888990226705458,0.12698945269728537,0.3862841956466262
ENSG00000272694.1,-3.2288766484479137,8.94483758157218,0.12815800180371612,0.388033949905696
ENSG00000099889.14,-1.5701946240097568,11.185789269945346,0.13073724248471486,0.3940191547696015
ENSG00000184949.17,1.4334594485133216,9.47878400792199,0.13200253253196695,0.3960075975959009
ENSG00000235159.1,-1.6377528594196369,9.092119990017927,0.137617558557729,0.4098688510682959
ENSG00000159958.7,1.2750389323610065,7.730521015038074,0.13787637191899862,0.4098688510682959
ENSG00000273203.1,-1.2733085933664665,7.533080645826327,0.13921391982478937,0.4104582734452115
ENSG00000186654.21,1.3459360563185696,8.671825595522975,0.13932987263736538,0.4104582734452115
ENSG00000279110.1,1.9819842362297793,9.466377408852697,0.14457571937665556,0.42400233395664905
ENSG00000278195.2,-1.4780440150354541,9.187447588295216,0.1493117261766822,0.43491151894308794
ENSG00000183785.16,-1.807992348978804,8.183865021806211,0.14962552257216327,0.43491151894308794
ENSG00000221963.6,1.7139419746648892,11.527226236480534,0.1533898762259165,0.443257045140186
ENSG00000128311.14,1.526772018267055,9.8880282757144915,0.15385221597373427,0.443257045140186
ENSG00000183569.18,1.6635258434022575,10.334098931063238,0.16089126229986553,0.4615038839654037
ENSG00000273212.1,2.9083122534900885,10.358741546672249,0.16272992213792342,0.46473960296158046
ENSG00000182057.5,1.4294301816159385,9.439759903807277,0.16399294017081875,0.4663103603118064
ENSG00000273096.1,1.4005614130712336,7.12052088667686,0.1651467681793657,0.4675583826376846
ENSG00000100345.22,1.7282963083426248,14.494118730730683,0.16739529813447057,0.47188157318941276
ENSG00000272973.1,-2.1169755090740483,6.811034523879717,0.17183398549364007,0.4802497814596665
ENSG00000133424.22,-1.5188763826423355,11.53574076619738,0.17256312237861585,0.4802497814596665
ENSG00000183741.12,-1.779562807252328,13.497586119435047,0.17275464119162742,0.4802497814596665
ENSG00000279345.1,1.9076459589191088,8.406195573318445,0.1735837630775497,0.4802497814596665
ENSG00000128203.7,-1.367959554922142,9.976669415902062,0.17403547126290667,0.4802497814596665
ENSG00000279712.1,1.1712103599868642,7.804276114945617,0.1752836508065154,0.4816617967540381
ENSG00000099974.8,2.118627150146638,11.229840419314597,0.17626717022890578,0.4823377796221941
ENSG00000279652.1,1.8218959412177524,9.96783857392808,0.17861002335371104,0.4867123136388626
ENSG00000185022.12,1.0993931901250462,10.13293420452366,0.1807727339036053,0.48777112231487413
ENSG00000198951.12,1.268292932163262,10.664238160060771,0.18091680931092421,0.48777112231487413
ENSG00000100316.16,1.7306554932462686,14.962715410287364,0.18123605920873764,0.48777112231487413
ENSG00000100379.17,-1.5069541527603625,9.94296070920656,0.18305925633611356,0.4901039004425017
ENSG00000273300.1,2.381195995172667,8.580787299682934,0.18366018279373786,0.4901039004425017
ENSG00000218537.1,2.3511185136911723,13.955112503826369,0.18452010430147794,0.4901039004425017
ENSG00000233603.1,2.0312492630280357,7.529737325928308,0.18510040276651057,0.4901039004425017
ENSG00000185608.9,1.0966866466214829,10.333015835037347,0.1878384584711657,0.4953481929037999
ENSG00000226471.6,0.9337597382924754,8.10614023719864,0.18968068185791961,0.4981974535545358
ENSG00000182541.18,-0.9995599076413559,11.39218879229963,0.19392101646464965,0.5072973790715235
ENSG00000280011.1,1.7712169635467916,7.611327548699417,0.1955035843412345,0.5093997775265632
ENSG00000286365.1,-2.292583126736761,7.701899342128778,0.19644187903864857,0.5098134479812546
ENSG00000236003.1,2.3062483733536956,7.664290274247214,0.1984583839441966,0.5130110003932987
ENSG00000280080.2,1.8265017835308648,8.747065634248116,0.20320605719445026,0.5215862201219237
ENSG00000223704.2,1.1953036154419965,7.941669912061082,0.20354952464954523,0.5215862201219237
ENSG00000241360.2,-1.5567184972804546,6.934049596552519,0.20506050573421225,0.5215862201219237
ENSG00000206028.1,-2.8231406125141376,12.05998233924839,0.2062716447061066,0.5215862201219237
ENSG00000100281.14,1.2147181413670154,10.597170114054963,0.20654543804274283,0.5215862201219237
ENSG00000100078.4,1.405858714788963,8.191932448873148,0.20656090368742852,0.5215862201219237
ENSG00000207457.1,2.1049944135746834,7.078609345707866,0.2096757744511693,0.5270181309652471
ENSG00000241878.11,-1.154830013144589,11.81101327986727,0.21032374951365365,0.5270181309652471
ENSG00000280434.1,1.1808126069652605,8.081335854897638,0.2122823950399751,0.5298957494509301
ENSG00000286195.1,-2.4408425178022664,8.255270395541633,0.21462966700262812,0.5336251559241093
ENSG00000183506.17,1.3379917137620043,9.91898787357211,0.21540831982257627,0.5336251559241093
ENSG00000133460.19,-1.0940551023932126,10.098265833173159,0.21768507031595463,0.5372303244778653
ENSG00000196236.13,1.3895576547424515,10.664792602722617,0.2190613689261404,0.5385944935251723
ENSG00000226450.2,0.9775328470392246,7.445385698886203,0.22250067500384862,0.5450016533802136
ENSG00000236054.1,-1.687531632050845,7.2131631546343415,0.22519362436231918,0.5479523372087043
ENSG00000230701.2,0.9340311792656483,7.552352230722716,0.2253810072005221,0.5479523372087043
ENSG00000229999.6,1.6787118046987455,7.724488907147311,0.22953739467330772,0.5548482129102374
ENSG00000172404.5,1.9425732892618266,8.669927976161137,0.22991416773497605,0.5548482129102374
ENSG00000100325.15,1.1792222731792628,10.581534951864857,0.23593352987654875,0.5672813549237605
ENSG00000069998.12,1.133151066979044,10.449191596466093,0.2385993057842041,0.5715895457247966
ENSG00000243156.9,-1.4370543543344272,12.523781668160307,0.23965542966464304,0.5720242737250969
ENSG00000273188.1,1.1659822653756486,8.052443890661173,0.24189268610831818,0.575264788053964
ENSG00000073146.16,-1.314585381390195,8.104128755982023,0.24398970044924173,0.5781495075862467
ENSG00000100029.18,1.3294878872873932,11.493957237229598,0.24612670309095555,0.5811078116299094
ENSG00000287817.1,0.98979025521062,7.324939228314274,0.2472630250550478,0.5816907136187096
ENSG00000100241.21,-1.2061690119193345,13.602116256715169,0.24875894640162888,0.5823936838206976
ENSG00000128309.17,1.2719242784570768,10.36036220677411,0.2497990599677765,0.5823936838206976
ENSG00000100151.16,-1.3276273547537454,10.347138769037032,0.25023337179451993,0.5823936838206976
ENSG00000286592.1,1.04385819475757,7.657635762310314,0.25219958314983765,0.58488839496451706
ENSG00000239900.14,1.178036321257198,9.7542276204276,0.2539625452212936,0.5861547205013428
ENSG00000273295.1,0.8205913430043102,9.0905952165771,0.2549274485152987,0.5861547205013428
ENSG00000270083.1,1.4301591097840516,7.601292983356829,0.2554343965487503,0.5861547205013428
ENSG00000274602.5,1.1875769025738643,9.286591175793621,0.2567653327221243,0.5871486979030395
ENSG00000100426.7,0.8736123399738638,11.46904594606742,0.25873940112026905,0.5882239369358643
ENSG00000227370.1,1.8001934761794631,6.998481050583794,0.2590343942469861,0.5882239369358643
ENSG00000284070.1,2.015556681812075,7.478922268006313,0.26338596166199424,0.596036051650326
ENSG00000205702.11,-0.7528959787736036,8.24309411280603,0.2684734067931416,0.6054538208369469
ENSG00000279182.1,-2.214128433469159,7.853344699713442,0.2714431922452654,0.605593438568472
ENSG00000131100.13,-1.3475051498269974,12.70526835877166,0.27163853811899835,0.605593438568472
ENSG00000128242.13,-1.4409382212111668,8.56666977837738,0.2718369627710805,0.605593438568472
ENSG00000138964.17,1.0424063568760327,8.884250858501128,0.27223925220050577,0.605593438568472
ENSG00000182841.12,0.8223945449207903,10.009259265026047,0.27467913194546695,0.6089496687875776
ENSG00000100304.13,1.3052817494463882,11.545976491320632,0.28302695873929035,0.62497363683548
ENSG00000100038.20,1.551271743994331,10.23208424916757,0.2846942034870965,0.62497363683548
ENSG00000100104.13,0.8576641206197281,11.1432036876058,0.28477392014827685,0.62497363683548
ENSG00000236670.1,-0.9652480455580534,7.223562165895241,0.2884654933743331,0.6309579687853305
ENSG00000169184.6,1.0924253097817191,10.53336128195749,0.29104099082098633,0.6344307318119695
ENSG00000242247.11,1.1589080181789937,11.036461733547561,0.2919933490449585,0.6344307318119695
ENSG00000159873.10,1.1960975535985545,11.406271130321953,0.29314710605872024,0.6344320082732183
ENSG00000100271.17,-1.0984900194403286,8.924808024246657,0.29393409557612404,0.6344320082732183
ENSG00000287219.1,2.0110161604030643,7.034195408641114,0.2958181394209912,0.6363982341491061
ENSG00000272578.5,0.9878190560563118,7.55704711484116,0.3011574033445366,0.6437884021599177
ENSG00000172346.15,-1.1463364779877079,10.823559606874571,0.30122209642344777,0.6437884021599177
ENSG00000128272.16,1.2858086676442895,13.602355854271686,0.30225496389459044,0.6438916820425478
ENSG00000183864.5,-1.0724548057969638,11.935348312161738,0.306451222462454,0.6482742597091888
ENSG00000075234.17,1.1251908738457563,10.124027564899167,0.3067059099498412,0.6482742597091888
ENSG00000279006.1,1.6510660529498336,8.53629601232762,0.3081825292812048,0.6482742597091888
ENSG00000185065.6,0.9473698165336186,8.334378308638767,0.3090512151606128,0.6482742597091888
ENSG00000184164.15,0.8566690047596969,10.282537832203685,0.309268454173191,0.6482742597091888
ENSG00000279175.1,0.8238028813163875,7.855631432242222,0.31102013556937574,0.6498631586657243
ENSG00000197182.14,-1.128719023036698,10.803508726613462,0.31768211314945766,0.6600964773979563
ENSG00000100410.8,1.1275215191325074,10.413527853159886,0.31793637672837344,0.6600964773979563
ENSG00000227484.1,-1.9705268487068284,8.308303216534659,0.3260701391391814,0.674841363914635
ENSG00000234409.7,-1.2101039523791317,7.968515157783086,0.3278521377766203,0.676388953015488
ENSG00000215347.4,1.9067315650180887,7.525471707170775,0.33012420000600523,0.6771487011452676
ENSG00000128191.16,0.8155822055668298,11.585590319584442,0.331283098044233,0.6771487011452676
ENSG00000130943.7,1.254767900851965,9.050880421908378,0.3313265816001309,0.6771487011452676
ENSG00000273350.1,0.960435625444812,8.156608544025527,0.336721023567526,0.6860297489506604
ENSG00000244425.3,1.4775404942315904,7.32153980134416,0.3397296986226318,0.6886159110399175
ENSG00000273899.5,0.8731764490947473,8.50212317729976,0.34009623740962286,0.6886159110399175
ENSG00000100347.15,1.055605462370571,10.648854789712605,0.34157699928592805,0.6891982060697606
ENSG00000269972.1,2.1486317702302786,11.364749679323035,0.34271752902384356,0.6891982060697606
ENSG00000236117.1,1.685545831138445,6.984841176007136,0.3435452831479235,0.6891982060697606
ENSG00000070371.16,0.943057920416941,10.32239211792178,0.3465485098298036,0.691052240453808
ENSG00000100228.13,-0.8152024071875517,9.293921445076482,0.34738840504298857,0.691052240453808
ENSG00000100234.12,0.8946773996736999,13.04619607240418,0.34763942983073826,0.691052240453808
ENSG00000235776.2,1.549485427223564,6.959974475251586,0.34897579925360545,0.6916065839753271
ENSG00000225225.1,1.8258316569131396,7.474294084501801,0.35405481827772217,0.6987123552935536
ENSG00000128346.11,1.2436500933115726,10.495468709164708,0.3546980152254737,0.6987123552935536
ENSG00000099992.16,0.8791692782302962,8.923600400561364,0.3567381345359495,0.7000785839163218
ENSG00000272977.1,-0.7848907864352181,8.37710308771378,0.3575324878104763,0.7000785839163218
ENSG00000100129.18,1.0599501729696779,12.74854248587591,0.35892784430473545,0.7007128661949164
ENSG00000100146.18,-0.7061218199229343,11.372275462587488,0.3609304481907157,0.7025253366569287
ENSG00000099994.11,0.7867572171481915,8.411915878375705,0.3662527152481863,0.7068939753515868
ENSG00000100372.15,1.0764443637928973,10.491227388980159,0.36671301284489216,0.7068939753515868
ENSG00000280424.1,0.8427091961776588,7.727273077969103,0.367430201383122,0.7068939753515868
ENSG00000244486.9,0.8223531704143225,8.817015081818889,0.3675832527599677,0.7068939753515868
ENSG00000213888.3,-0.7755231984944547,8.334834309695689,0.36857927460992523,0.7068939753515868
ENSG00000269987.1,1.9096665911211548,11.871872750430922,0.3703050420997604,0.7081271857697172
ENSG00000244627.5,0.834037377100229,8.734702000909577,0.37307688779627274,0.7097660524110975
ENSG00000100336.17,-0.6993749955173403,7.894706416634972,0.3734369811072411,0.7097660524110975
ENSG00000196419.13,1.2015916061519463,13.801462672143705,0.37441787168475327,0.7097660524110975
ENSG00000230149.2,-1.5505532254551089,8.444554904842775,0.3809455593037164,0.7183374913854556
ENSG00000100395.15,-0.7149850305412369,11.32239521733153,0.381136253074546,0.7183374913854556
ENSG00000178803.12,1.2197507358459552,9.322096609445886,0.3833266674778427,0.7203897716393941
ENSG00000279738.1,0.8505550741494725,9.256060921971649,0.3865121824538248,0.7242950353146173
ENSG00000100216.6,0.9299815846620385,10.957420883151231,0.3886713032252204,0.7249695459301293
ENSG00000232754.1,1.3649400390448023,9.413724895935674,0.38908915997167487,0.7249695459301293
ENSG00000186998.16,-0.8756058417788277,8.40764487875344,0.3935025100729468,0.7296955551888387
ENSG00000185838.14,0.9188659337552864,9.140191518783116,0.39447354690541053,0.7296955551888387
ENSG00000100416.15,0.8647533067674036,11.192447770221255,0.3953181841312511,0.7296955551888387
ENSG00000185252.19,0.8802841386738098,10.400073169532837,0.39608856588996594,0.7296955551888387
ENSG00000100320.23,-1.0118185098710317,13.468755802536291,0.4002690133291486,0.7349542108958669
ENSG00000240972.2,1.2850099192391538,8.562591797118358,0.4021434159893039,0.7349542108958669
ENSG00000187045.19,1.0153250879362299,7.703448551798981,0.4023143845576764,0.7349542108958669
ENSG00000077942.19,0.9172996680373294,10.591591833192556,0.4093971767362317,0.7424887139253851
ENSG00000128253.15,-1.5000439333868067,7.546112905203548,0.40939822347279137,0.7424887139253851
ENSG00000100354.21,-0.979860611908069,13.373378764634216,0.41191875057925526,0.7424887139253851
ENSG00000099899.15,0.8522898631914594,10.830707921273326,0.412067002380996,0.7424887139253851
ENSG00000227413.1,1.5219921013872144,7.326754934975917,0.4121152953439064,0.7424887139253851
ENSG00000100364.19,-1.0496442824625933,12.420943991880344,0.41623090305113747,0.747843435701769
ENSG00000287967.1,1.500766644501825,11.728062219846457,0.42045329015616617,0.7494146236297196
ENSG00000185339.9,0.8483571053870703,9.658004721781262,0.42288995762225473,0.7494146236297196
ENSG00000203280.4,-1.4138291455998815,8.056054901362188,0.4244163547207812,0.7494146236297196
ENSG00000232897.2,1.8165543150032355,6.812182597150029,0.42503546736350045,0.7494146236297196
ENSG00000100263.14,0.7161362972580371,10.04923516249175,0.4254577175075195,0.7494146236297196
ENSG00000279548.1,0.9055041556155393,6.805761033087987,0.4264404414006844,0.7494146236297196
ENSG00000278655.1,0.9083620896020846,6.805761033087987,0.42748897912190753,0.7494146236297196
ENSG00000100284.22,-0.8548217737829475,10.936563367777849,0.4279668707291899,0.7494146236297196
ENSG00000235328.1,0.9112482106750772,6.805761033087987,0.42854956634997055,0.7494146236297196
ENSG00000093000.19,0.798305982825849,12.206672169074551,0.428806361446838,0.7494146236297196
ENSG00000025770.19,0.724000914070051,11.557924991612147,0.43049152192869117,0.7494146236297196
ENSG00000184319.16,-0.816441711587337,9.29894777400593,0.43171523811535456,0.7494146236297196
ENSG00000237977.1,0.7071180294242745,7.332230107266108,0.43200200781101566,0.7494146236297196
ENSG00000205634.7,-0.985697002123077,7.62724458319148,0.4369481162594963,0.7559895979727793
ENSG00000230513.2,0.9050032380377291,9.136032003558643,0.4403306993595494,0.7589572635479375
ENSG00000234626.2,1.456502359442824,6.900908165324212,0.44098434273427556,0.7589572635479375
ENSG00000229598.1,1.0951510809603997,8.49726105051984,0.4427773936404009,0.760043085146515
ENSG00000279467.1,1.1164552707480508,9.670081030610824,0.44748391786722796,0.7661112101705945
ENSG00000100077.15,-0.92201555820505,12.042278168565133,0.44981948287368656,0.7665839228202936
ENSG00000250261.1,1.5711729455643182,9.1282727480547,0.45063878953383896,0.7665839228202936
ENSG00000198355.5,0.858531810102648,10.771663209518039,0.453356637758607,0.7665839228202936
ENSG00000184792.16,-0.6672996029901582,11.262708529847831,0.4533979249545616,0.7665839228202936
ENSG00000100225.18,0.833354827316389,12.42512985101992,0.45384859561626545,0.7665839228202936
ENSG00000100417.12,-0.6039366346098098,9.973038767051108,0.45590234330868634,0.7665839228202936
ENSG00000279933.1,1.507359372839229,9.312016325392063,0.4565151100228701,0.7665839228202936
ENSG00000237037.9,-0.6621817626843687,8.422517593966747,0.4571372016818265,0.7665839228202936
ENSG00000228315.12,-0.8280284385736378,9.667752942079394,0.4606168679617813,0.769938762550669
ENSG00000235347.1,1.2512236410616309,7.510740772559452,0.4623759362349955,0.769938762550669
ENSG00000070413.20,-0.8705658619449335,12.490340114291536,0.46377341954491097,0.769938762550669
ENSG00000241990.5,-0.5985466753986428,7.921481487469701,0.46384689976294124,0.769938762550669
ENSG00000100330.16,-0.7742030197554997,11.360044139507826,0.468300139448683,0.7753627625302244
ENSG00000286485.1,1.024129472869678,9.223890388017733,0.471040572591362,0.777930642613007
ENSG00000161132.6,0.7068406885791559,7.439810438540001,0.4723238131964449,0.7780850726208438
ENSG00000100335.15,0.7109329708282593,11.599822054046916,0.4761669041996983,0.7823147230651504
ENSG00000183172.9,-0.7397041841264389,9.390281182861232,0.47728375306268345,0.7823147230651504
ENSG00000230319.1,-1.0872538533701193,8.717364008692554,0.48149480858124244,0.7872351422726812
ENSG00000235513.2,0.9475407297418882,10.880928495934079,0.48269310711214863,0.7872351422726812
ENSG00000230741.1,1.2586002145906616,7.124920951555932,0.4842925810635153,0.7878789751630324
ENSG00000213790.2,1.5102107398341293,6.921968620991452,0.48737606393433075,0.790927905243306
ENSG00000100084.14,0.7587349044595229,9.220483068488425,0.49204837214841485,0.7965337509531271
ENSG00000186951.16,0.5914874595775614,11.36115773085997,0.49670243546517395,0.8016867757476731
ENSG00000100105.18,0.6971197724826391,11.122379953525243,0.4984961611348598,0.8016867757476731
ENSG00000183963.19,0.5591888494344921,10.852815735189552,0.49890904851575374,0.8016867757476731
ENSG00000138944.8,-0.7403754288717708,11.639529383263593,0.5023208306846246,0.803031225656021
ENSG00000254835.1,1.3548972549560532,9.845104088649215,0.5023679204757746,0.803031225656021
ENSG00000100116.17,0.7314267088533409,9.960609428916678,0.5051326546505034,0.803031225656021
ENSG00000272669.1,0.7973313406659509,7.909094049123159,0.5057472314373002,0.803031225656021
ENSG00000100058.12,0.6692018338328146,9.595394905694533,0.5067931804125628,0.803031225656021
ENSG00000184068.2,0.8781680695888187,10.718158725622699,0.5076480199428173,0.803031225656021
ENSG00000232710.1,-1.3676471687257616,7.371453973480463,0.5083408676171143,0.803031225656021
ENSG00000100197.23,-0.8232516317060278,9.618120765710083,0.51079041873229,0.8049564671106451
ENSG00000184436.12,0.5416471150796147,10.464506722131128,0.5133653421712647,0.8060945163723435
ENSG00000198792.13,-0.8067214321591151,11.92119422338336,0.5139776962190631,0.8060945163723435
ENSG00000273076.1,1.491865448718393,6.878956830032393,0.5167174669131352,0.8084526874669629
ENSG00000128254.16,0.5756340436441627,8.940209286343144,0.5182388171182567,0.8088978195592837
ENSG00000130638.17,-0.707883970543945,11.99999440730281,0.5202525980079624,0.810107616898113
ENSG00000272600.1,1.2730376804328998,8.395999583958188,0.5219615053370424,0.8108380629226265
ENSG00000253352.10,0.7627716212567736,12.812125935062118,0.5241613187671234,0.812227270981198
ENSG00000100139.14,0.6925902870430143,10.816489948641015,0.5257894927735868,0.812227270981198
ENSG00000273253.2,0.7464730650738736,9.700104383772393,0.5275206684655215,0.812227270981198
ENSG00000100191.6,-0.6337932501528035,8.667022689290778,0.5282641511759785,0.812227270981198
ENSG00000099940.12,0.7538114010315231,10.482744751109012,0.529733946391157,0.812227270981198
ENSG00000099968.18,-0.6363542684291489,12.174031682488097,0.5320153438957718,0.812227270981198
ENSG00000198911.12,-0.6591438657834419,13.40806995000984,0.5325633588036502,0.812227270981198
ENSG00000100258.18,0.7335028177113874,10.968897320714586,0.5337063650271272,0.812227270981198
ENSG00000073169.14,-0.45916706661817064,10.558045446001127,0.5340332209815216,0.812227270981198
ENSG00000182944.18,0.7606887922802417,13.379896453748362,0.5359642249007166,0.8132728609862382
ENSG00000100311.17,-0.5243581086349719,9.81823071356511,0.5411115409364754,0.8191827494732752
ENSG00000100124.15,0.48689660089467385,10.263509672015187,0.5476651963248593,0.8252041345301593
ENSG00000099999.15,-0.45233259965330563,10.541210884211685,0.548088084556383,0.8252041345301593
ENSG00000100403.12,-0.7402639033852754,13.050865992649271,0.5491875314195891,0.8252041345301593
ENSG00000240160.3,-1.1066579214129484,6.775824846306166,0.5501360896867729,0.8252041345301593
ENSG00000232073.1,1.5475942983417035,7.072854168154099,0.5545142888133796,0.8298680660959961
ENSG00000100030.15,-0.7789121002447154,13.842927440548547,0.5569036598736455,0.8315410811811967
ENSG00000184702.20,-0.7074733822892879,7.128315577893132,0.5666910216367538,0.8418104534508046
ENSG00000100012.12,1.1527383904621444,6.858640565794861,0.5693352971822558,0.8418104534508046
ENSG00000250479.9,-0.6435632545280396,9.668556248198565,0.5706544786924513,0.8418104534508046
ENSG00000128159.12,-0.6294227315701523,12.28341459073985,0.5706677556343068,0.8418104534508046
ENSG00000232564.3,0.7744578826203024,9.006285860386773,0.5707312232982291,0.8418104534508046
ENSG00000196588.20,-0.4940568826797091,11.43577085338507,0.5730151001693979,0.8418104534508046
ENSG00000100239.16,-0.4514033048457691,12.183714031795299,0.5743605276912941,0.8418104534508046
ENSG00000015475.19,-0.4275528410923055,11.243612704197396,0.5756282064068039,0.8418104534508046
ENSG00000099917.17,0.6559722219464826,11.566844369510576,0.5758456930333038,0.8418104534508046
ENSG00000273192.1,0.9995382783549441,10.532632929298558,0.5778470193093389,0.8418104534508046
ENSG00000279080.1,0.8252490988653958,10.313088259063644,0.5779402042804453,0.8418104534508046
ENSG00000100412.17,-0.45586217644967586,13.384210124678843,0.5813454404612781,0.8441002680777229
ENSG00000235989.4,0.8276018827917133,10.150993600674138,0.5820936099435061,0.8441002680777229
ENSG00000187860.10,0.5844734502708065,9.951125893405198,0.5863361929380717,0.8483713942068559
ENSG00000197077.13,-0.5780903654488265,11.423271810858699,0.5891128809274709,0.8489584520613934
ENSG00000100243.21,0.6834341311694846,12.080880520164873,0.5893800080056514,0.8489584520613934
ENSG00000213923.13,0.693702039913813,11.618489957518417,0.590636231938737,0.8489584520613934
ENSG00000184117.12,0.6218717563228021,11.623911151125212,0.5961621306477342,0.8550220031658292
ENSG00000100034.14,0.5293546584657906,11.445117763731444,0.6022431668750213,0.8618534598167701
ENSG00000100109.17,0.40548055769266417,11.782495215789393,0.6069600346707947,0.866707123743886
ENSG00000100083.19,0.48254154614641964,11.895629972997215,0.6125482693570449,0.8727811942472927
ENSG00000224003.1,0.4278440980064999,7.590656572123488,0.6189764002228187,0.8800229690124423
ENSG00000100324.14,-0.5505722700621238,10.86831438624858,0.6265445681417204,0.8869950316428344
ENSG00000279278.1,0.6474172253693462,9.684329597530073,0.6266172287306135,0.8869950316428344
ENSG00000278881.2,-1.0151999567355927,7.516427833902736,0.627949082034606,0.8869950316428344
ENSG00000236867.1,0.578834637128177,7.768353773572764,0.6332744063009351,0.8925893571569216
ENSG00000275004.4,0.5167436348321947,9.91358552717239,0.63493211303386,0.8930012944605257
ENSG00000100220.12,0.5850649835729901,11.83331527359815,0.6402797322130774,0.898373229936123
ENSG00000185721.13,0.45577455530608635,11.334200114774566,0.642518291315903,0.898373229936123
ENSG00000172250.16,0.8207721840705959,11.137800304387428,0.6428725865597945,0.898373229936123
ENSG00000100296.14,0.5095740855825479,11.377249963664527,0.6486950077725933,0.9045768338662602
ENSG00000233739.1,-0.9807995165811892,8.55104236331863,0.6533263727152764,0.9062993664256441
ENSG00000205853.12,0.30926680912902066,7.451946825582688,0.6558065493303481,0.9062993664256441
ENSG00000100348.10,0.5368051631150478,9.975728438493851,0.6560535745836656,0.9062993664256441
ENSG00000188636.4,-0.5555027678828739,11.990001237887336,0.6565800162257829,0.9062993664256441
ENSG00000286381.1,-0.7249409299062906,7.34397481443984,0.6587352128199933,0.9062993664256441
ENSG00000228274.4,0.4342874161565763,9.830387899418087,0.6610169292545165,0.9062993664256441
ENSG00000287225.1,-0.8024271827560612,7.717196278606758,0.6621749615591204,0.9062993664256441
ENSG00000187792.5,0.4785085604267099,10.004628499202456,0.6629463776102326,0.9062993664256441
ENSG00000128276.10,-1.903387216953894,6.902115062724359,0.6672218121368253,0.9062993664256441
ENSG00000186716.21,-0.5246352043898254,12.433901328224755,0.6672778371022751,0.9062993664256441
ENSG00000184381.20,0.3364644048562779,10.818272628209362,0.668484191218767,0.9062993664256441
ENSG00000100147.14,0.4208004157368682,10.734742465159714,0.6694918958804823,0.9062993664256441
ENSG00000202058.1,-1.2375792812782036,7.0478724206192656,0.6711117374813695,0.9062993664256441
ENSG00000100314.4,0.4643285450256887,9.813018327853296,0.6712390997133695,0.9062993664256441
ENSG00000100242.15,-0.398253067346193,12.910971212482686,0.6719770674016489,0.9062993664256441
ENSG00000128294.16,0.45491296873027753,10.102077702688415,0.672102741156632,0.9062993664256441
ENSG00000214491.8,-0.6089993184819645,7.8420737523297745,0.6739405179474401,0.9069076105712466
ENSG00000215493.3,0.5415113002805423,8.704989247521361,0.6777429008213394,0.9089256367474619
ENSG00000100429.18,0.30290159188305726,7.878610472798329,0.6791400507910083,0.9089256367474619
ENSG00000188677.15,0.46888724727209097,11.075020273782808,0.6796095357331939,0.9089256367474619
ENSG00000183066.14,-0.5005012535798473,8.55420073636588,0.6862845817622983,0.9149162619400821
ENSG00000268292.1,0.8653978592901307,10.334053346074565,0.6882590186298859,0.9149162619400821
ENSG00000100266.19,0.4176996444186768,11.686136634180444,0.6895403312129497,0.9149162619400821
ENSG00000100319.13,-0.3021548257946305,9.288054212817528,0.6896845827774625,0.9149162619400821
ENSG00000242082.2,0.17670969155272734,8.231430063942831,0.691670160155191,0.9156928840920949
ENSG00000280383.1,0.3123235792458335,9.253468209438802,0.6947939136486514,0.9179701404570061
ENSG00000100376.12,0.3742668100843702,10.497659792515329,0.7074480183021283,0.9303784979921221
ENSG00000286025.1,-0.9476492895705023,7.469576927434667,0.7097535837569313,0.9303784979921221
ENSG00000281538.1,-0.767798626831265,7.85299134733915,0.7098389743129077,0.9303784979921221
ENSG00000241717.1,0.45086646064202496,7.010671960790368,0.7108506502134805,0.9303784979921221
ENSG00000189060.5,0.37500760209971673,11.6844459983764,0.7122128723167889,0.9303784979921221
ENSG00000223843.5,-0.8726078434879557,7.384292526193322,0.7137645425712708,0.9303784979921221
ENSG00000100399.16,-0.48667111386244244,10.067035471475275,0.7141437400489989,0.9303784979921221
ENSG00000100299.18,-0.3927951237459107,10.31136484299234,0.7186455697029082,0.9343821124964253
ENSG00000182858.14,0.2680671864568057,10.194853115906906,0.723753616517503,0.9361178548290244
ENSG00000232545.1,-0.3393164236668253,8.353336140441305,0.7241947203753907,0.9361178548290244
ENSG00000133422.14,0.33603585476729075,11.242973815161232,0.7242746705557895,0.9361178548290244
ENSG00000100418.8,-0.3541827345345239,11.676454958132137,0.7257450320159871,0.9361681478076046
ENSG00000273137.1,0.5426254808989711,9.488405871953619,0.7298084656961297,0.9371016634500429
ENSG00000183579.16,-0.399434958867501,10.987370115849531,0.7308041548752016,0.9371016634500429
ENSG00000099954.18,-0.40264248373687817,11.011408096816924,0.7317449218502843,0.9371016634500429
ENSG00000099904.16,-0.31339527781283527,11.028983859490955,0.732904145800024,0.9371016634500429
ENSG00000215012.9,0.4108840547711255,11.40019306308235,0.733633106554162,0.9371016634500429
ENSG00000100350.15,0.40105744672730453,11.231613075576986,0.7391911493140896,0.93804020835797
ENSG00000100246.13,-0.3642987907540208,9.32250691377991,0.7400903790641867,0.93804020835797
ENSG00000170638.10,0.31153230247953906,10.645624402005371,0.7404261237232395,0.93804020835797
ENSG00000169314.15,0.519258970876062,10.485615627211175,0.7414758041698398,0.93804020835797
ENSG00000128335.14,-0.3504774024694732,11.383661345592268,0.7415394307661628,0.93804020835797
ENSG00000099910.17,-0.3598434061014277,10.453970880492168,0.7443825876578013,0.9391120934670093
ENSG00000093072.18,0.2478443805927013,9.828980704087977,0.7491068278071261,0.9391120934670093
ENSG00000025708.14,0.2608672597044979,9.860237358122482,0.7509647488143797,0.9391120934670093
ENSG00000177989.13,0.21885968269425712,8.829712564114216,0.7511210771538602,0.9391120934670093
ENSG00000272787.1,0.5835600795557055,7.227303771929383,0.7512309807682124,0.9391120934670093
ENSG00000233471.2,-0.8257858323763453,6.735902472868278,0.7521433766686697,0.9391120934670093
ENSG00000100380.14,0.41064328727111593,13.429154267075113,0.7524384357442093,0.9391120934670093
ENSG00000100422.14,-0.3338623737688058,12.193351701108346,0.7589954521817336,0.9410669771485716
ENSG00000100290.3,0.6545582272939334,7.388505886988726,0.7592069123501769,0.9410669771485716
ENSG00000235478.5,-1.0885455154698758,7.213020663934507,0.7625602416133086,0.9410669771485716
ENSG00000206203.5,0.5622512178613543,8.145613159435054,0.7636841056232573,0.9410669771485716
ENSG00000100023.20,0.2512654227893017,11.980456724325098,0.7639119406193723,0.9410669771485716
ENSG00000099960.13,-0.5167927735691342,8.98363654211022,0.7641004079495181,0.9410669771485716
ENSG00000188130.14,0.31924447084720203,10.599675930352996,0.7646560580556268,0.9410669771485716
ENSG00000185651.15,0.3141074200516855,12.341622091047352,0.7660415955296034,0.9410669771485716
ENSG00000178026.13,-0.26440888715971617,9.378434169843151,0.7708244981269122,0.9410669771485716
ENSG00000279085.1,0.3480507477786548,8.188922136924756,0.7716431133180944,0.9410669771485716
ENSG00000235568.7,0.3678737076037581,7.743878664742074,0.7718384411781545,0.9410669771485716
ENSG00000177096.9,-0.3893260007825339,7.780055289067048,0.7722969297647538,0.9410669771485716
ENSG00000222044.1,0.33937294198499424,8.325323582743422,0.7737193090319501,0.9410669771485716
ENSG00000230736.2,-0.9240170771208794,7.166121490587869,0.7748437525842894,0.9410669771485716
ENSG00000198089.16,-0.22602639980027744,11.623259897904902,0.7755888389649542,0.9410669771485716
ENSG00000234892.1,0.59474919240396,6.833514543943694,0.7825652985498653,0.9471495858733294
ENSG00000100028.12,-0.28236322387477947,11.168568953241302,0.7839616411834033,0.9471495858733294
ENSG00000100387.9,0.33665659609729975,10.664195121917611,0.78579319721191,0.9471495858733294
ENSG00000284060.1,0.5765349359242854,7.132513275482637,0.7871574871244092,0.9471495858733294
ENSG00000236540.7,0.41671881947258244,10.211864786824204,0.787843080604115,0.9471495858733294
ENSG00000182257.8,-0.39285713726480204,9.022719932010709,0.793504461308616,0.9522053535703391
ENSG00000177993.3,0.335969401704373,8.31804381031739,0.7959658659643926,0.953409663627679
ENSG00000100099.21,0.21821309292202395,12.099476110050485,0.8039075741272804,0.9611618893587595
ENSG00000100211.10,0.18819800492172778,9.571260202384938,0.8071979721177022,0.96268792170824
ENSG00000100138.15,0.2756819276548649,12.167034690545718,0.8081862014270084,0.96268792170824
ENSG00000184470.21,0.21110457112066658,10.5983474196303,0.8095999341583058,0.96268792170824
ENSG00000100014.20,0.29617498131402636,10.795653337789139,0.8131361948217241,0.9640637801025085
ENSG00000184983.11,0.24015647803793191,11.1269464335014,0.81460621734646,0.9640637801025085
ENSG00000056487.16,-0.21489190384038917,8.604359905968318,0.8179795269221356,0.9640637801025085
ENSG00000100294.13,0.2588702774119675,9.335669446006287,0.8191898363373562,0.9640637801025085
ENSG00000099942.13,0.2799896040035503,13.200687133675922,0.8196446346101816,0.9640637801025085
ENSG00000100221.10,0.21152101246301652,11.948096841449695,0.8203146843725813,0.9640637801025085
ENSG00000227117.6,0.06107117381426977,6.908063795275098,0.8210757270903627,0.9640637801025085
ENSG00000184208.12,0.23814184706490088,9.877879919280229,0.8228912012109713,0.9644638809892029
ENSG00000278948.1,0.24266955825938655,8.778616637123832,0.8251784298617504,0.9654144778704556
ENSG00000237476.1,-0.4596118975908035,7.5689994178792785,0.8335838398260605,0.9735068415111493
ENSG00000237438.7,-0.20857171474781533,9.208597591858515,0.8419277476099568,0.9803448538868605
ENSG00000099995.19,0.2406370094082049,12.31087926397997,0.8438283197150136,0.9803448538868605
ENSG00000261188.1,-0.19034457044154798,8.8647537339743,0.8452067791499502,0.9803448538868605
ENSG00000244491.1,-0.40364899753481165,9.070054086379711,0.8454350116088523,0.9803448538868605
ENSG00000100056.12,-0.2042611065963938,10.191785481048527,0.8484797490585665,0.9821340812111549
ENSG00000186575.19,0.246930588203203,12.519692528277444,0.8500746148138747,0.9822416927354665
ENSG00000100413.17,-0.1899479381779058,13.05085413269825,0.8572245550019255,0.9840700189020076
ENSG00000159496.14,0.2613031763824981,11.663978769404661,0.8586630252760467,0.9840700189020076
ENSG00000235786.1,-0.2195255984114475,7.23568675791061,0.8588616530736605,0.9840700189020076
ENSG00000100142.16,0.16586780694819203,10.790727959462009,0.8589879843409862,0.9840700189020076
ENSG00000100207.20,0.23991880262173307,12.469874157611663,0.8606974706674508,0.9840700189020076
ENSG00000231993.1,-0.6451961100012017,7.079870095282303,0.8610638887749221,0.9840700189020076
ENSG00000226328.7,-0.19312160476492984,9.341331646706104,0.8621897872031351,0.9840700189020076
ENSG00000128298.18,-0.18533985695993477,9.812181828465025,0.8643994569431878,0.9842388796156941
ENSG00000284633.1,-0.5066921526947695,7.25390534278127,0.8653476388058473,0.9842388796156941
ENSG00000230922.1,0.2988445930546886,7.272956878222662,0.8673970210917925,0.9848570343646394
ENSG00000128185.10,0.2084660284402627,10.191274228388513,0.8707006479542481,0.9868946685651269
ENSG00000205632.4,0.044158396291755574,8.298640280183806,0.8747173918541258,0.9897321354197202
ENSG00000099949.21,0.10787520605165328,10.675736931264765,0.8795087499228316,0.993434753798846
ENSG00000079974.18,-0.14731971654376522,9.856869475905109,0.8850794657883688,0.9980033976303331
ENSG00000100154.14,0.11253742976978906,11.662857532951033,0.8869331294464151,0.9981239482069303
ENSG00000180957.18,-0.12752619643839563,10.942468527115647,0.8911651661975165,0.9981239482069303
ENSG00000273311.1,0.25631323914409443,8.108021464273634,0.8934447553076914,0.9981239482069303
ENSG00000100227.18,0.16856796940479324,11.795239546111201,0.8938916625802987,0.9981239482069303
ENSG00000235246.1,0.26789430910827167,9.445655156114794,0.8962382526037012,0.9981239482069303
ENSG00000100425.18,0.1601175901656367,11.298423515423384,0.897354008945165,0.9981239482069303
ENSG00000242259.9,0.1421123355292338,10.66688442383033,0.8992903482586996,0.9981239482069303
ENSG00000184076.13,0.1451943793771544,10.705144165611394,0.9010744181095216,0.9981239482069303
ENSG00000240591.2,0.16698817423018947,10.267115122784823,0.9012685081124401,0.9981239482069303
ENSG00000183530.14,0.15335937931229557,12.494682386239036,0.901485641674286,0.9981239482069303
ENSG00000225282.1,-0.21324675390260986,7.339833907978548,0.9019743935631435,0.9981239482069303
ENSG00000100150.20,-0.1303019949789207,9.984454489245852,0.9073949438175418,1
ENSG00000279159.1,0.16010386647817168,13.64599004472021,0.9077419477089287,1
ENSG00000054611.14,0.14049260008480935,10.173174349680016,0.9100161771306612,1
ENSG00000100226.16,0.0892524473798194,12.784055528222096,0.9133214110590968,1
ENSG00000189306.11,0.12000843167851176,11.0764753759652,0.9147784503995816,1
ENSG00000100280.17,-0.1336814544142104,12.398105072371328,0.9164530617895708,1
ENSG00000235954.7,0.06046188248303839,10.925483805957363,0.9194369785955929,1
ENSG00000100003.18,-0.13994758772863883,10.595078585774317,0.9207564463159578,1
ENSG00000075240.17,-0.11586577653605956,11.154228521284406,0.922268541831394,1
ENSG00000183597.16,-0.10460656132162746,10.366743105976736,0.9245274848680953,1
ENSG00000236052.2,-0.2873133143165275,7.499619544118639,0.9248686912515648,1
ENSG00000224973.6,0.07997374434025711,8.63442367768699,0.9288436329003398,1
ENSG00000284194.3,-0.14171249746685438,9.862187470510674,0.9302565181602253,1
ENSG00000230912.1,0.11083077437544074,7.452063650064661,0.9315478634868587,1
ENSG00000100036.13,0.004186276800001919,9.645319026390426,0.9333140416460892,1
ENSG00000138942.16,-0.08152123236050297,10.779973991471731,0.937463024961106,1
ENSG00000184708.18,-0.073100162843598,11.517795131617147,0.9434696802646524,1
ENSG00000177663.14,0.07831557216002566,10.534666866122183,0.9508929071174247,1
ENSG00000187051.9,0.08107837307504867,10.919954471365806,0.9524882465605997,1
ENSG00000215193.14,-0.06980125033997801,11.443459231912966,0.9540807681883795,1
ENSG00000196576.16,0.07713210525249453,12.599240495157744,0.9543926420674681,1
ENSG00000225335.3,-0.13767381951690866,9.484266541224848,0.9546679879241594,1
ENSG00000128283.7,0.06969919172047784,10.928914625918885,0.9597765110662847,1
ENSG00000100156.11,-0.11173225302155518,9.072151829143781,0.9635599147538495,1
ENSG00000100201.23,0.06282185216477233,15.194228767885527,0.9635700564188819,1
ENSG00000272836.1,-0.24558221729977506,8.120782900273813,0.965685854641882,1
ENSG00000225450.1,-0.09283897083056189,10.242175863787052,0.9666291759562029,1
ENSG00000100360.15,-0.04830603777307999,10.296345050528958,0.9669281450628062,1
ENSG00000232926.1,0.021860439184561258,8.370329330115474,0.9675769402723022,1
ENSG00000183762.13,-0.04413772548368258,10.353118578609935,0.9712122128730525,1
ENSG00000100055.21,0.06988778710408845,8.77537847065192,0.9736052023241307,1
ENSG00000100393.14,-0.03833395028135303,12.936139374004556,0.9767245017619138,1
ENSG00000099991.18,0.026715350007309832,12.733884696988735,0.9848880858995189,1
ENSG00000100401.20,-0.001912651742944082,12.658400914008203,0.9988037326933092,1
ENSG00000172912.4,-0.2032502981734229,6.628257547100717,0.9999999999999992,1
ENSG00000229608.1,-0.0038748183992403287,6.653621926259744,0.9999999999999992,1
ENSG00000272798.1,-0.0076904153588958244,6.653621926259744,0.9999999999999996,1
ENSG00000100249.4,-0.874136810223888,6.800973810109712,0.9999999999999997,1
ENSG00000277232.2,-0.13691802706995845,7.223347537883334,0.9999999999999998,1
ENSG00000228599.1,-0.060299988776315504,7.731890199642323,0.9999999999999998,1
ENSG00000206739.1,-0.6090801450968976,7.104057162964944,0.9999999999999999,1
ENSG00000285697.1,-0.9844894439299438,6.828146119356833,1,1
ENSG00000286326.1,0.8759277506818598,6.639550256250227,1,1
ENSG00000287652.1,-0.38890027996076776,7.344737595929629,1,1
ENSG00000226287.8,-0.2936860238326136,7.721323120411793,1,1
ENSG00000237347.2,-0.24354398270387764,6.8895225245788705,1,1
ENSG00000224205.2,-0.14750353740748523,6.613814231462705,1,1
ENSG00000234884.2,0.13832801720125834,7.09712868434911,1,1
ENSG00000188064.10,-0.1379644687565191,8.113128684934768,1,1
ENSG00000252412.1,-0.12522195308110043,6.916900508254566,1,1
ENSG00000232218.1,-0.11421721266569738,6.929765501988267,1,1
ENSG00000223461.1,-0.10075069992368835,8.14737533931055,1,1
ENSG00000223730.1,-0.07697165007579321,6.954746330664009,1,1
ENSG00000264073.1,-0.06606271275119857,6.54078612570798,1,1
ENSG00000286129.1,0.0627664231585187,7.63357562908538,1,1
ENSG00000205643.11,0.05414139088301038,8.631285059757493,1,1
ENSG00000167065.14,-0.049221966619495724,9.002665213257425,1,1
ENSG00000272682.1,0.048077098275146585,6.92584055698616,1,1
ENSG00000261251.1,0.0461199294303397,7.248870671145303,1,1
ENSG00000100027.17,-0.026564006433276055,10.872396692323267,1,1
ENSG00000235091.2,-0.012911721642863182,6.88626491932251,1,1
ENSG00000260613.2,-0.006684249302372303,7.10780919596034,1,1
ENSG00000093010.15,-8.203577571587123e-4,11.666355135783249,1,1
